{
"build":[{
			"site"			:"flippers.com",
			"description"	:"Flippers is a community where users can share updates
							 meet new friends, promote personal businesses, share common goals,
							 and do a whole lots of things",
			"keywords"		:"Meet new friends, read news updates, promote businesses, share common goals",
			"author"		:"Rotimi Oluwafemi Solomon",
			"type"			:"Website",
			"icon"			:"../icons/official-flippers.png",
			"dimension"		:"360×360"
		},
		
		{
			"primary-color" :"#08A8B8",
			"secondary-color":"#FFFFFF",
			"tertiary-color":"rgba(255,0,255)",
	}
]
}